"secuencial";"secProvincia";"codigo";"nombre";"estaActivo"
1;1;"01";"CUENCA";1
2;1;"02";"GIRON";1
3;1;"03";"GUALACEO";1
4;1;"04";"NABON";1
5;1;"05";"PAUTE";1
6;1;"06";"PUCARA";1
7;1;"07";"SAN FERNANDO";1
8;1;"08";"SANTA ISABEL";1
9;1;"09";"SIGSIG";1
10;1;"10";"ONIA";1
11;1;"11";"CHORDELEG";1
12;1;"12";"EL PAN";1
13;1;"13";"SEVILLA DE ORO";1
14;1;"14";"GUACHAPALA";1
15;1;"15";"CAMILO PONCE ENRIQUEZ";1
16;2;"01";"GUARANDA";1
17;2;"02";"CHILLANES";1
18;2;"03";"CHIMBO";1
19;2;"04";"ECHEANDIA";1
20;2;"05";"SAN MIGUEL";1
21;2;"06";"CALUMA";1
22;2;"07";"LAS NAVES";1
23;3;"01";"AZOGUES";1
24;3;"02";"BIBLIAN";1
25;3;"03";"CANIAR";1
26;3;"04";"LA TRONCAL";1
27;3;"05";"EL TAMBO";1
28;3;"06";"DELEG";1
29;3;"07";"SUSCAL";1
30;4;"01";"TULCAN";1
31;4;"02";"BOLIVAR";1
32;4;"03";"ESPEJO";1
33;4;"04";"MIRA";1
34;4;"05";"MONTUFAR";1
35;4;"06";"SAN PEDRO DE HUACA";1
36;5;"01";"LATACUNGA";1
37;5;"02";"LA MANA";1
38;5;"03";"PANGUA";1
39;5;"04";"PUJILI";1
40;5;"05";"SALCEDO";1
41;5;"06";"SAQUISILI";1
42;5;"07";"SIGCHOS";1
43;6;"01";"RIOBAMBA";1
44;6;"02";"ALAUSI";1
45;6;"03";"COLTA";1
46;6;"04";"CHAMBO";1
47;6;"05";"CHUNCHI";1
48;6;"06";"GUAMOTE";1
49;6;"07";"GUANO";1
50;6;"08";"PALLATANGA";1
51;6;"09";"PENIPE";1
52;6;"10";"CUMANDA";1
53;7;"01";"MACHALA";1
54;7;"02";"ARENILLAS";1
55;7;"03";"ATAHUALPA";1
56;7;"04";"BALSAS";1
57;7;"05";"CHILLA";1
58;7;"06";"EL GUABO";1
59;7;"07";"HUAQUILLAS";1
60;7;"08";"MARCABELI";1
61;7;"09";"PASAJE";1
62;7;"10";"PINIAS";1
63;7;"11";"PORTOVELO";1
64;7;"12";"SANTA ROSA";1
65;7;"13";"ZARUMA";1
66;7;"14";"LAS LAJAS";1
67;8;"01";"ESMERALDAS";1
68;8;"02";"ELOY ALFARO";1
69;8;"03";"MUISNE";1
70;8;"04";"QUININDE";1
71;8;"05";"SAN LORENZO";1
72;8;"06";"ATACAMES";1
73;8;"07";"RIOVERDE";1
74;9;"01";"GUAYAQUIL";1
75;9;"02";"ALFREDO BAQUERIZO MORENO (JUJAN)";1
76;9;"03";"BALAO";1
77;9;"04";"BALZAR";1
78;9;"05";"COLIMES";1
79;9;"06";"DAULE";1
80;9;"07";"DURAN";1
81;9;"08";"EL EMPALME";1
82;9;"09";"EL TRIUNFO";1
83;9;"10";"MILAGRO";1
84;9;"11";"NARANJAL";1
85;9;"12";"NARANJITO";1
86;9;"13";"PALESTINA";1
87;9;"14";"PEDRO CARBO";1
88;9;"16";"SAMBORONDON";1
89;9;"18";"SANTA LUCIA";1
90;9;"19";"SALITRE";1
91;9;"20";"SAN JACINTO DE YAGUACHI";1
92;9;"21";"PLAYAS";1
93;9;"22";"SIMON BOLIVAR";1
94;9;"23";"CORONEL MARCELINO MARIDUENIA";1
95;9;"24";"LOMAS DE SARGENTILLO";1
96;9;"25";"NOBOL";1
97;9;"27";"GENERAL  ANTONIO ELIZALDE";1
98;9;"28";"ISIDRO AYORA";1
99;10;"01";"IBARRA";1
100;10;"02";"ANTONIO ANTE";1
101;10;"03";"COTACACHI";1
102;10;"04";"OTAVALO";1
103;10;"05";"PIMAMPIRO";1
104;10;"06";"SAN MIGUEL DE URCUQUI";1
105;11;"01";"LOJA";1
106;11;"02";"CALVAS";1
107;11;"03";"CATAMAYO";1
108;11;"04";"CELICA";1
109;11;"05";"CHAGUARPAMBA";1
110;11;"06";"ESPINDOLA";1
111;11;"07";"GONZANAMA";1
112;11;"08";"MACARA";1
113;11;"09";"PALTAS";1
114;11;"10";"PUYANGO";1
115;11;"11";"SARAGURO";1
116;11;"12";"SOZORANGA";1
117;11;"13";"ZAPOTILLO";1
118;11;"14";"PINDAL";1
119;11;"15";"QUILANGA";1
120;11;"16";"OLMEDO";1
121;12;"01";"BABAHOYO";1
122;12;"02";"BABA";1
123;12;"03";"MONTALVO";1
124;12;"04";"PUEBLOVIEJO";1
125;12;"05";"QUEVEDO";1
126;12;"06";"URDANETA";1
127;12;"07";"VENTANAS";1
128;12;"08";"VINCES";1
129;12;"09";"PALENQUE";1
130;12;"10";"BUENA FE";1
131;12;"11";"VALENCIA";1
132;12;"12";"MOCACHE";1
133;12;"13";"QUINSALOMA";1
134;13;"01";"PORTOVIEJO";1
135;13;"02";"BOLIVAR";1
136;13;"03";"CHONE";1
137;13;"04";"EL CARMEN";1
138;13;"05";"FLAVIO ALFARO";1
139;13;"06";"JIPIJAPA";1
140;13;"07";"JUNIN";1
141;13;"08";"MANTA";1
142;13;"09";"MONTECRISTI";1
143;13;"10";"PAJAN";1
144;13;"11";"PICHINCHA";1
145;13;"12";"ROCAFUERTE";1
146;13;"13";"SANTA ANA";1
147;13;"14";"SUCRE";1
148;13;"15";"TOSAGUA";1
149;13;"16";"24 DE MAYO";1
150;13;"17";"PEDERNALES";1
151;13;"18";"OLMEDO";1
152;13;"19";"PUERTO LOPEZ";1
153;13;"20";"JAMA";1
154;13;"21";"JARAMIJO";1
155;13;"22";"SAN VICENTE";1
156;14;"01";"MORONA";1
157;14;"02";"GUALAQUIZA";1
158;14;"03";"LIMON INDANZA";1
159;14;"04";"PALORA";1
160;14;"05";"SANTIAGO";1
161;14;"06";"SUCUA";1
162;14;"07";"HUAMBOYA";1
163;14;"08";"SAN JUAN BOSCO";1
164;14;"09";"TAISHA";1
165;14;"10";"LOGRONIO";1
166;14;"11";"PABLO SEXTO";1
167;14;"12";"TIWINTZA";1
168;15;"01";"TENA";1
169;15;"03";"ARCHIDONA";1
170;15;"04";"EL CHACO";1
171;15;"07";"QUIJOS";1
172;15;"09";"CARLOS JULIO AROSEMENA TOLA";1
173;16;"01";"PASTAZA";1
174;16;"02";"MERA";1
175;16;"03";"SANTA CLARA";1
176;16;"04";"ARAJUNO";1
177;17;"01";"DISTRITO METROPOLITANO DE QUITO";1
178;17;"02";"CAYAMBE";1
179;17;"03";"MEJIA";1
180;17;"04";"PEDRO MONCAYO";1
181;17;"05";"RUMINIAHUI";1
182;17;"07";"SAN MIGUEL DE LOS BANCOS";1
183;17;"08";"PEDRO VICENTE MALDONADO";1
184;17;"09";"PUERTO QUITO";1
185;18;"01";"AMBATO";1
186;18;"02";"BANIOS DE AGUA SANTA";1
187;18;"03";"CEVALLOS";1
188;18;"04";"MOCHA";1
189;18;"05";"PATATE";1
190;18;"06";"QUERO";1
191;18;"07";"SAN PEDRO DE PELILEO";1
192;18;"08";"SANTIAGO DE PILLARO";1
193;18;"09";"TISALEO";1
194;19;"01";"ZAMORA";1
195;19;"02";"CHINCHIPE";1
196;19;"03";"NANGARITZA";1
197;19;"04";"YACUAMBI";1
198;19;"05";"YANTZAZA";1
199;19;"06";"EL PANGUI";1
200;19;"07";"CENTINELA DEL CONDOR";1
201;19;"08";"PALANDA";1
202;19;"09";"PAQUISHA";1
203;20;"01";"SAN CRISTOBAL";1
204;20;"02";"ISABELA";1
205;20;"03";"SANTA CRUZ";1
206;21;"01";"LAGO AGRIO";1
207;21;"02";"GONZALO PIZARRO";1
208;21;"03";"PUTUMAYO";1
209;21;"04";"SHUSHUFINDI";1
210;21;"05";"SUCUMBIOS";1
211;21;"06";"CASCALES";1
212;21;"07";"CUYABENO";1
213;22;"01";"FRANCISCO DE ORELLANA";1
214;22;"02";"AGUARICO";1
215;22;"03";"LA JOYA DE LOS SACHAS";1
216;22;"04";"LORETO";1
217;23;"01";"SANTO DOMINGO";1
218;23;"02";"LA CONCORDIA";1
219;24;"01";"SANTA ELENA";1
220;24;"02";"LA LIBERTAD";1
221;24;"03";"SALINAS";1
222;8;"08";"LA CONCORDIA";1
