"secuencial";"secCanton";"codigo";"nombre";"estaActivo"
2046;1;"50";"CUENCA";1
3070;1;"50";"CUENCA";1
3071;1;"50";"CUENCA";1
3072;1;"51";"BAÑOS";1
3073;1;"52";"CUMBE";1
3074;1;"53";"CHAUCHA";1
3075;1;"54";"CHECA (JIDCAY) ";1
3076;1;"55";"CHIQUINTAD";1
3077;1;"56";"LLACAO";1
3078;1;"57";"MOLLETURO";1
3079;1;"58";"NULTI";1
3080;1;"59";"OCTAVIO CORDERO PALACIOS (SANTA ROSA) ";1
3081;1;"60";"PACCHA";1
3082;1;"61";"QUINGEO";1
3083;1;"62";"RICAURTE";1
3084;1;"63";"SAN JOAQUIN";1
3085;1;"64";"SANTA ANA";1
3086;1;"65";"SAYAUSI";1
3087;1;"66";"SIDCAY";1
3088;1;"67";"SININCAY";1
3089;1;"68";"TARQUI";1
3090;1;"69";"TURI";1
3091;1;"70";"VALLE";1
3092;1;"71";"VICTORIA DEL PORTETE (IRQUIS)";1
4095;2;"50";"GIRON";1
4096;2;"51";"ASUNCION";1
4097;2;"52";"SAN GERARDO";1
4098;3;"50";"GUALACEO";1
4099;3;"52";"DANIEL CORDOVA TORAL (EL ORIENTE) ";1
4100;3;"53";"JADAN";1
4101;3;"54";"MARIANO MORENO";1
4102;3;"56";"REMIGIO CRESPO TORAL (GULAG)";1
4103;3;"57";"SAN JUAN";1
4104;3;"58";"ZHIDMAD";1
4105;3;"59";"LUIS CORDERO VEGA";1
4106;3;"60";"SIMON BOLIVAR (CAB. EN GAÑANZOL)";1
4107;4;"50";" NABON";1
4108;4;"51";"COCHAPATA";1
4109;4;"52";"EL PROGRESO (CAB.EN ZHOTA) ";1
4110;4;"53";"LAS NIEVES (CHAYA)";1
4111;5;"50";"PAUTE";1
4112;5;"52";"BULAN (JOSE VICTOR IZQUIERDO) ";1
4113;5;"53";"CHICAN (GUILLERMO ORTEGA) ";1
4114;5;"54";"EL CABO  ";1
4115;5;"56";"GUARAINAG";1
4116;5;"59";"SAN CRISTOBAL (CARLOS ORDOÑEZ LAZO) ";1
4117;5;"61";"TOMEBAMBA";1
4118;5;"62";"DUG DUG";1
4119;6;"50";" PUCARA";1
4120;6;"52";"SAN RAFAEL DE SHARUG";1
4121;7;"50";" SAN FERNANDO";1
4122;7;"51";"CHUMBLIN";1
4123;8;"50";" SANTA ISABEL";1
4124;8;"51";"ABDON CALDERON  (LA UNION) ";1
4125;8;"52";"EL CARMEN DE PIJILI";1
4126;8;"53";"ZHAGLLI (SHAGLLI)";1
4127;9;"50";" SIGSIG";1
4128;9;"51";"CUCHIL (CUTCHIL) ";1
4129;9;"52";"JIMA (GIMA)";1
4130;9;"53";"GUEL";1
4131;9;"54";"LUDO";1
4132;9;"55";"SAN BARTOLOME";1
4133;9;"56";"SAN JOSE DE RARANGA";1
4134;10;"50";"SAN FELIPE DE OÑA";1
4135;10;"51";"SUSUDEL";1
4136;11;"50";"CHORDELEG";1
4137;11;"51";"PRINCIPAL";1
4138;11;"52";"LA UNION";1
4139;11;"53";"LUIS GALARZA ORELLANA (CAB.EN DELEGSOL) ";1
4140;11;"54";"SAN MARTIN DE PUZHIO";1
4141;12;"50";" EL PAN";1
4142;12;"53";"SAN VICENTE";1
4143;13;"50";" SEVILLA DE ORO";1
4144;13;"51";"AMALUZA";1
4145;13;"52";"PALMAS";1
4146;14;"50";" GUACHAPALA";1
4147;15;"50";"CAMILO PONCE ENRIQUEZ";1
4148;16;"50";" GUARANDA";1
4149;16;"51";"FACUNDO VELA";1
4150;16;"53";"JULIO E. MORENO (CATANAHUAN GRANDE)";1
4151;16;"55";"SALINAS";1
4152;16;"56";"SAN LORENZO";1
4153;16;"57";"SAN SIMON (YACOTO)";1
4154;16;"58";"SANTAFE (SANTA FE)";1
4155;16;"59";"SIMIATUG";1
4156;16;"60";"SAN LUIS DE PAMBIL";1
4157;17;"50";" CHILLANES";1
4158;17;"51";"SAN JOSE DEL TAMBO (TAMBOPAMBA)";1
4159;18;"50";"SAN JOSE DE CHIMBO";1
4160;18;"51";"ASUNCION (ASANCOTO) ";1
4161;18;"53";"MAGDALENA (CHAPACOTO)";1
4162;18;"54";"SAN SEBASTIAN";1
4163;18;"55";"TELIMBELA";1
4164;19;"50";" ECHEANDIA";1
4165;20;"50";"SAN MIGUEL";1
4166;20;"51";"BALSAPAMBA";1
4167;20;"52";"BILOVAN";1
4168;20;"53";"REGULO DE MORA";1
4169;20;"54";"SAN PABLO  (SAN PABLO DE ATENAS)";1
4170;20;"55";"SANTIAGO";1
4171;20;"56";"SAN VICENTE";1
4172;21;"50";" CALUMA ";1
4173;22;"50";" LAS NAVES";1
4174;23;"50";"AZOGUES";1
4175;23;"51";"COJITAMBO";1
4176;23;"53";"GUAPAN";1
4177;23;"54";"JAVIER LOYOLA (CHUQUIPATA) ";1
4178;23;"55";"LUIS CORDERO";1
4179;23;"56";"PINDILIG";1
4180;23;"57";"RIVERA";1
4181;23;"58";"SAN MIGUEL";1
4182;23;"60";"TADAY";1
4183;24;"50";" BIBLIAN";1
4184;24;"51";"NAZON (CAB. EN PAMPA DE DOMINGUEZ)";1
4185;24;"52";"SAN FRANCISCO DE SAGEO";1
4186;24;"53";"TURUPAMBA";1
4187;24;"54";"JERUSALEN";1
4188;25;"50";"CAÑAR";1
4189;25;"51";"CHONTAMARCA";1
4190;25;"52";"CHOROCOPTE";1
4191;25;"53";"GENERAL MORALES (SOCARTE) ";1
4192;25;"54";"GUALLETURO";1
4193;25;"55";"HONORATO VASQUEZ (TAMBO VIEJO) ";1
4194;25;"56";"INGAPIRCA";1
4195;25;"57";"JUNCAL";1
4196;25;"58";"SAN ANTONIO";1
4197;25;"61";"ZHUD";1
4198;25;"62";"VENTURA";1
4199;25;"63";"DUCUR";1
4200;26;"50";" LA TRONCAL";1
4201;26;"51";"MANUEL J. CALLE";1
4202;26;"52";"PANCHO NEGRO";1
4203;27;"50";"EL TAMBO ";1
4204;28;"50";" DELEG";1
4205;28;"51";"SOLANO";1
4206;29;"50";"SUSCAL";1
4207;30;"50";" TULCAN";1
4208;30;"51";"EL CARMELO (EL PUN) ";1
4209;30;"53";"JULIO ANDRADE (OREJUELA) ";1
4210;30;"54";"MALDONADO";1
4211;30;"55";"PIOTER";1
4212;30;"56";"TOBAR DONOSO (LA BOCANA DE CAMUMBI) ";1
4213;30;"57";"TUFIÑO";1
4214;30;"58";"URBINA (TAYA)";1
4215;30;"59";"EL CHICAL";1
4216;30;"61";"SANTA MARTHA DE CUBA";1
4217;31;"50";" BOLIVAR";1
4218;31;"51";"GARCIA MORENO";1
4219;31;"52";"LOS ANDES";1
4220;31;"53";"MONTE OLIVO";1
4221;31;"54";"SAN VICENTE DE PUSIR";1
4222;31;"55";"SAN RAFAEL";1
4223;32;"50";"EL ANGEL";1
4224;32;"51";"EL GOALTAL";1
4225;32;"52";"LA LIBERTAD (ALIZO)";1
4226;32;"53";"SAN ISIDRO";1
4227;33;"50";"MIRA (CHONTAHUASI)";1
4228;33;"51";"CONCEPCION";1
4229;33;"52";"JIJON Y CAAMAÑO (CAB. EN RIO BLANCO)";1
4230;33;"53";"JUAN MONTALVO (SAN IGNACIO DE QUIL)";1
4231;34;"50";"SAN GABRIEL";1
4232;34;"51";"CRISTOBAL COLON";1
4233;34;"52";"CHITAN DE NAVARRETE";1
4234;34;"53";"FERNANDEZ SALVADOR";1
4235;34;"54";"LA PAZ";1
4236;34;"55";"PIARTAL";1
4237;35;"50";"HUACA";1
4238;35;"51";"MARISCAL SUCRE";1
4239;36;"50";"LATACUNGA";1
4240;36;"51";"ALAQUES (ALAQUEZ) ";1
4241;36;"52";"BELISARIO QUEVEDO (GUANAILIN)";1
4242;36;"53";"GUAITACAMA (GUAYTACAMA) ";1
4243;36;"54";"JOSEGUANGO BAJO";1
4244;36;"56";"MULALO";1
4245;36;"57";"11 DE NOVIEMBRE (ILINCHISI)";1
4246;36;"58";"POALO";1
4247;36;"59";"SAN JUAN DE PASTOCALLE";1
4248;36;"61";"TANICUCHI";1
4249;36;"62";"TOACASO";1
4250;37;"50";"LA MANA";1
4251;37;"51";"GUASAGANDA (CAB.EN GUASAGANDA CENTRO)";1
4252;37;"52";"PUCAYACU";1
4253;38;"50";"EL CORAZON";1
4254;38;"51";"MORASPUNGO";1
4255;38;"52";"PINLLOPATA";1
4256;38;"53";"RAMON CAMPAÑA";1
4257;39;"50";"PUJILI";1
4258;39;"51";"ANGAMARCA";1
4259;39;"53";"GUANGAJE";1
4260;39;"55";"LA VICTORIA";1
4261;39;"56";"PILALO";1
4262;39;"57";"TINGO";1
4263;39;"58";"ZUMBAHUA";1
4264;40;"50";"SAN MIGUEL";1
4265;40;"51";"ANTONIO JOSE HOLGUIN  (SANTA LUCIA)";1
4266;40;"52";"CUSUBAMBA";1
4267;40;"53";"MULALILLO";1
4268;40;"54";"MULLIQUINDIL (SANTA ANA)";1
4269;40;"55";"PANSALEO";1
4270;41;"50";"SAQUISILI, ";1
4271;41;"51";"CANCHAGUA";1
4272;41;"52";"CHANTILIN";1
4273;41;"53";"COCHAPAMBA";1
4274;42;"50";"SIGCHOS";1
4275;42;"51";"CHUGCHILLAN";1
4276;42;"52";"ISINLIVI";1
4277;42;"53";"LAS PAMPAS";1
4278;42;"54";"PALO QUEMADO";1
4279;43;"50";"RIOBAMBA";1
4280;43;"51";"CACHA (CAB. EN MACHANGARA) ";1
4281;43;"52";"CALPI";1
4282;43;"53";"CUBIJIES";1
4283;43;"54";"FLORES";1
4284;43;"55";"LICAN";1
4285;43;"56";"LICTO";1
4286;43;"57";"PUNGALA";1
4287;43;"58";"PUNIN";1
4288;43;"59";"QUIMIAG";1
4289;43;"60";"SAN JUAN";1
4290;43;"61";"SAN LUIS";1
4291;44;"50";"ALAUSI";1
4292;44;"51";"ACHUPALLAS";1
4293;44;"53";"GUASUNTOS";1
4294;44;"54";"HUIGRA";1
4295;44;"55";"MULTITUD";1
4296;44;"56";"PISTISHI (NARIZ DEL DIABLO)";1
4297;44;"57";"PUMALLACTA";1
4298;44;"58";"SEVILLA";1
4299;44;"59";"SIBAMBE";1
4300;44;"60";"TIXAN";1
4301;45;"50";"VILLA LA UNION (CAJABAMBA)";1
4302;45;"51";"CAÑI";1
4303;45;"52";"COLUMBE";1
4304;45;"53";"JUAN DE VELASCO (PANGOR)";1
4305;45;"54";"SANTIAGO DE QUITO (CAB. EN SAN ANTONIO DE QUITO)";1
4306;46;"50";"CHAMBO";1
4307;47;"50";"CHUNCHI";1
4308;47;"51";"CAPZOL";1
4309;47;"52";"COMPUD";1
4310;47;"53";"GONZOL";1
4311;47;"54";"LLAGOS";1
4312;48;"50";"GUAMOTE";1
4313;48;"51";"CEBADAS";1
4314;48;"52";"PALMIRA";1
4315;49;"50";"GUANO";1
4316;49;"51";"GUANANDO";1
4317;49;"52";"ILAPO";1
4318;49;"53";"LA PROVIDENCIA";1
4319;49;"54";"SAN ANDRES";1
4320;49;"55";"SAN GERARDO DE PACAICAGUAN";1
4321;49;"56";"SAN ISIDRO DE PATULU";1
4322;49;"57";"SAN JOSE DEL CHAZO";1
4323;49;"58";"SANTA FE DE GALAN";1
4324;49;"59";"VALPARAISO";1
4325;50;"50";"PALLATANGA";1
4326;51;"50";"PENIPE";1
4327;51;"51";"EL ALTAR";1
4328;51;"52";"MATUS";1
4329;51;"53";"PUELA";1
4330;51;"54";"SAN ANTONIO DE BAYUSHIG";1
4331;51;"55";"LA CANDELARIA";1
4332;51;"56";"BILBAO (CAB.EN QUILLUYACU)";1
4333;52;"50";"CUMANDA";1
4872;53;"50";"MACHALA";1
4873;53;"52";"EL RETIRO";1
4874;54;"50";"ARENILLAS";1
4875;54;"51";"CHACRAS";1
4876;54;"54";"PALMALES";1
4877;54;"55";"CARCABON";1
4878;55;"50";"PACCHA";1
4879;55;"51";"AYAPAMBA";1
4880;55;"52";"CORDONCILLO";1
4881;55;"53";"MILAGRO";1
4882;55;"54";"SAN JOSE";1
4883;55;"55";"SAN JUAN DE CERRO AZUL";1
4884;56;"50";"BALSAS";1
4885;56;"51";"BELLAMARIA";1
4886;57;"50";"CHILLA";1
4887;58;"50";"EL GUABO";1
4888;58;"51";"BARBONES (SUCRE) ";1
4889;58;"52";"LA IBERIA";1
4890;58;"53";"TENDALES (CAB.EN PUERTO TENDALES)";1
4891;58;"54";"RIO BONITO";1
4892;59;"50";"HUAQUILLAS";1
4893;60;"50";"MARCABELI";1
4894;60;"51";"EL INGENIO";1
4895;61;"50";"PASAJE";1
4896;61;"51";"BUENAVISTA";1
4897;61;"52";"CASACAY";1
4898;61;"53";"LA PEAÑA";1
4899;61;"54";"PROGRESO";1
4900;61;"55";"UZHCURRUMI";1
4901;61;"56";"CAÑAQUEMADA ";1
4902;62;"50";"PIÑAS";1
4903;62;"51";"CAPIRO (CAB. EN LA CAPILLA DE CAPIRO)";1
4904;62;"52";"LA BOCANA";1
4905;62;"53";"MOROMORO (CAB. EN EL VADO)";1
4906;62;"54";"PIEDRAS";1
4907;62;"55";"SAN ROQUE (AMBROSIO MALDONADO)";1
4908;62;"56";"SARACAY";1
4909;63;"50";"PORTOVELO";1
4910;63;"51";"CURTINCAPA";1
4911;63;"52";"MORALES";1
4912;63;"53";"SALATI";1
4913;64;"50";"SANTA ROSA";1
4914;64;"51";"BELLAVISTA";1
4915;64;"52";"JAMBELI";1
4916;64;"53";"LA AVANZADA";1
4917;64;"54";"SAN ANTONIO";1
4918;64;"55";"TORATA";1
4919;64;"56";"VICTORIA";1
4920;64;"57";"BELLAMARIA";1
4921;65;"50";"ZARUMA";1
4922;65;"51";"ABAÑIN";1
4923;65;"52";"ARCAPAMBA";1
4924;65;"53";"GUANAZAN";1
4925;65;"54";"GUIZHAGUIÑA";1
4926;65;"55";"HUERTAS";1
4927;65;"56";"MALVAS";1
4928;65;"57";"MULUNCAY GRANDE";1
4929;65;"58";"SINSAO";1
4930;65;"59";"SALVIAS";1
4931;66;"50";"LA VICTORIA";1
4932;66;"51";"LA LIBERTAD";1
4933;66;"52";"EL PARAISO ";1
4934;66;"53";"SAN ISIDRO";1
5159;67;"50";"ESMERALDAS";1
5160;67;"52";"CAMARONES (CAB. EN SAN VICENTE) ";1
5161;67;"53";"CRNEL. CARLOS CONCHA TORRES (CAB.EN HUELE)";1
5162;67;"54";"CHINCA";1
5163;67;"59";"MAJUA";1
5164;67;"63";"SAN MATEO";1
5165;67;"65";"TABIAZO";1
5166;67;"66";"TACHINA";1
5167;67;"68";"VUELTA LARGA";1
5168;68;"50";"VALDEZ (LIMONES)";1
5169;68;"51";"ANCHAYACU";1
5170;68;"52";"ATAHUALPA (CAB. EN CAMARONES) ";1
5171;68;"53";"BORBON";1
5172;68;"54";"LA TOLA";1
5173;68;"55";"LUIS VARGAS TORRES (CAB. EN PLAYA DE ORO)";1
5174;68;"56";"MALDONADO";1
5175;68;"57";"PAMPANAL DE BOLIVAR     ";1
5176;68;"58";"SAN FRANCISCO DE ONZOLE";1
5177;68;"59";"SANTO DOMINGO DE ONZOLE";1
5178;68;"60";"SELVA ALEGRE";1
5179;68;"61";"TELEMBI";1
5180;68;"62";"COLON ELOY DEL MARIA";1
5181;68;"63";"SAN JOSE DE CAYAPAS";1
5182;68;"64";"TIMBIRE  ";1
5183;69;"50";"MUISNE";1
5184;69;"51";"BOLIVAR";1
5185;69;"52";"DAULE";1
5186;69;"53";"GALERA";1
5187;69;"54";"QUINGUE (OLMEDO PERDOMO FRANCO) ";1
5188;69;"55";"SALIMA";1
5189;69;"56";"SAN FRANCISCO";1
5190;69;"57";"SAN GREGORIO";1
5191;69;"58";"SAN JOSE DE CHAMANGA (CAB.EN CHAMANGA)";1
5192;70;"50";"ROSA ZARATE (QUININDE)";1
5193;70;"51";"CUBE";1
5194;70;"52";"CHURA (CHANCAMA) (CAB. EN EL YERBERO)";1
5195;70;"53";"MALIMPIA";1
5196;70;"54";"VICHE";1
5197;70;"55";"LA UNION";1
5198;71;"50";"SAN LORENZO";1
5199;71;"51";"ALTO TAMBO (CAB. EN GUADUAL) ";1
5200;71;"52";"ANCON (PICHANGAL) (CAB. EN PALMA REAL) ";1
5201;71;"53";"CALDERON";1
5202;71;"54";"CARONDELET";1
5203;71;"55";"5 DE JUNIO (CAB. EN UIMBI) ";1
5204;71;"56";"CONCEPCION";1
5205;71;"57";"MATAJE (CAB. EN SANTANDER)";1
5206;71;"58";"SAN JAVIER DE CACHAVI (CAB. EN SAN JAVIER) ";1
5207;71;"59";"SANTA RITA";1
5208;71;"60";"TAMBILLO";1
5209;71;"61";"TULULBI (CAB. EN RICAURTE)";1
5210;71;"62";"URBINA";1
5211;72;"50";"ATACAMES";1
5212;72;"51";"LA UNION";1
5213;72;"52";"SUA  (CAB. EN LA BOCANA) ";1
5214;72;"53";"TONCHIGÜE";1
5215;72;"54";"TONSUPA";1
5216;73;"50";"RIOVERDE";1
5217;73;"51";"CHONTADURO";1
5218;73;"52";"CHUMUNDE ";1
5219;73;"53";"LAGARTO";1
5220;73;"54";"MONTALVO (CAB. EN HORQUETA) ";1
5221;73;"55";"ROCAFUERTE";1
5222;222;"50";"LA CONCORDIA";1
5223;74;"50";"GUAYAQUIL";1
5224;74;"52";"JUAN GOMEZ RENDON (PROGRESO) ";1
5225;74;"53";"MORRO";1
5226;74;"56";"POSORJA";1
5227;74;"57";"PUNA";1
5228;74;"58";"TENGUEL";1
5229;75;"50";"ALFREDO BAQUERIZO MORENO (JUJAN)";1
5230;76;"50";"BALAO";1
5231;77;"50";"BALZAR";1
5232;78;"50";"COLIMES";1
5233;78;"51";"SAN JACINTO";1
5234;79;"50";"DAULE";1
5235;79;"52";"JUAN BAUTISTA AGUIRRE (LOS TINTOS) ";1
5236;79;"53";"LAUREL";1
5237;79;"54";"LIMONAL";1
5238;79;"56";"LOS LOJAS (ENRIQUE BAQUERIZO MORENO)";1
5239;80;"50";"ELOY ALFARO (DURAN)";1
5240;81;"50";"VELASCO IBARRA (EL EMPALME)";1
5241;81;"51";"GUAYAS (PUEBLO NUEVO) ";1
5242;81;"52";"EL ROSARIO";1
5243;82;"50";"EL TRIUNFO";1
5244;83;"50";"MILAGRO";1
5245;83;"51";"CHOBO";1
5246;83;"53";"MARISCAL SUCRE (HUAQUES)";1
5247;83;"54";"ROBERTO ASTUDILLO (CAB. EN CRUCE DE VENECIA) ";1
5248;84;"50";"NARANJAL";1
5249;84;"51";"JESUS MARIA";1
5250;84;"52";"SAN CARLOS";1
5251;84;"53";"SANTA ROSA DE FLANDES";1
5252;84;"54";"TAURA";1
5253;85;"50";"NARANJITO";1
5254;86;"50";"PALESTINA";1
5255;87;"50";"PEDRO CARBO";1
5256;87;"51";"VALLE DE LA VIRGEN ";1
5257;87;"52";"SABANILLA";1
5258;88;"50";"SAMBORONDON";1
5259;88;"51";"TARIFA";1
5260;89;"50";"SANTA LUCIA";1
5261;90;"50";"EL SALITRE (LAS RAMAS)";1
5262;90;"51";"GRAL. VERNAZA (DOS ESTEROS) ";1
5263;90;"52";"LA VICTORIA (ÑAUZA)";1
5264;90;"53";"JUNQUILLAL";1
5265;91;"50";"SAN JACINTO DE YAGUACHI";1
5266;91;"53";"GRAL. PEDRO J. MONTERO (BOLICHE) ";1
5267;91;"55";"YAGUACHI VIEJO (CONE)";1
5268;91;"56";"VIRGEN DE FATIMA";1
5269;92;"50";"GENERAL VILLAMIL (PLAYAS)";1
5270;93;"50";"SIMON BOLIVAR";1
5271;93;"51";"CRNEL.LORENZO DE GARAICOA (PEDREGAL)";1
5272;94;"50";"CORONEL MARCELINO MARIDUEÑA (SAN CARLOS)";1
5273;95;"50";"LOMAS DE SARGENTILLO";1
5274;96;"50";"NARCISA DE JESUS";1
5275;97;"50";"GENERAL ANTONIO ELIZALDE (BUCAY)";1
5276;98;"50";"ISIDRO AYORA";1
5277;99;"50";"SAN MIGUEL DE IBARRA";1
5278;99;"51";"AMBUQUI";1
5279;99;"52";"ANGOCHAGUA";1
5280;99;"53";"CAROLINA";1
5281;99;"54";"LA ESPERANZA";1
5282;99;"55";"LITA";1
5283;99;"56";"SALINAS";1
5284;99;"57";"SAN ANTONIO";1
5285;100;"50";"ATUNTAQUI";1
5286;100;"51";"IMBAYA (SAN LUIS DE COBUENDO) ";1
5287;100;"52";"SAN FRANCISCO DE NATABUELA";1
5288;100;"53";"SAN JOSE DE CHALTURA";1
5289;100;"54";"SAN ROQUE";1
5290;101;"50";"COTACACHI";1
5291;101;"51";"APUELA";1
5292;101;"52";"GARCIA MORENO  (LLURIMAGUA) ";1
5293;101;"53";"IMANTAG";1
5294;101;"54";"PEÑAHERRERA";1
5295;101;"55";"PLAZA GUTIERREZ";1
5296;101;"56";"QUIROGA";1
5297;101;"57";"6 DE JULIO DE CUELLAJE (CAB. EN CUELLAJE)";1
5298;101;"58";"VACAS GALINDO (EL CHURO) (CAB.EN SAN MIGUEL ALTO)";1
5299;102;"50";"OTAVALO";1
5300;102;"51";"DR. MIGUEL EGAS CABEZAS (PEGUCHE) ";1
5301;102;"52";"EUGENIO ESPEJO (CALPAQUI) ";1
5302;102;"53";"GONZALEZ SUAREZ";1
5303;102;"54";"PATAQUI";1
5304;102;"55";"SAN JOSE DE QUICHINCHE ";1
5305;102;"56";"SAN JUAN DE ILUMAN";1
5306;102;"57";"SAN PABLO";1
5307;102;"58";"SAN RAFAEL";1
5308;102;"59";"SELVA ALEGRE (CAB.EN SAN MIGUEL DE PAMPLONA)";1
5309;103;"50";"PIMAMPIRO";1
5310;103;"51";"CHUGA";1
5311;103;"52";"MARIANO ACOSTA";1
5312;103;"53";"SAN FRANCISCO DE SIGSIPAMBA";1
5313;104;"50";"URCUQUI";1
5314;104;"51";"CAHUASQUI";1
5315;104;"52";"LA MERCED DE BUENOS AIRES";1
5316;104;"53";"PABLO ARENAS";1
5317;104;"54";"SAN BLAS";1
5318;104;"55";"TUMBABIRO";1
5319;105;"50";"LOJA";1
5320;105;"51";"CHANTACO";1
5321;105;"52";"CHUQUIRIBAMBA";1
5322;105;"53";"EL CISNE";1
5323;105;"54";"GUALEL";1
5324;105;"55";"JIMBILLA";1
5325;105;"56";"MALACATOS (VALLADOLID) ";1
5326;105;"57";"SAN LUCAS";1
5327;105;"58";"SAN PEDRO DE VILCABAMBA";1
5328;105;"59";"SANTIAGO";1
5329;105;"60";"TAQUIL (MIGUEL RIOFRIO)";1
5330;105;"61";"VILCABAMBA  (VICTORIA)";1
5331;105;"62";"YANGANA (ARSENIO CASTILLO)";1
5332;105;"63";"QUINARA";1
5333;106;"50";"CARIAMANGA";1
5334;106;"51";"COLAISACA";1
5335;106;"52";"EL LUCERO";1
5336;106;"53";"UTUANA";1
5337;106;"54";"SANGUILLIN";1
5338;107;"50";"CATAMAYO (LA TOMA)";1
5339;107;"51";"EL TAMBO";1
5340;107;"52";"GUAYQUICHUMA";1
5341;107;"53";"SAN PEDRO DE LA BENDITA";1
5342;107;"54";"ZAMBI";1
5343;108;"50";"CELICA";1
5344;108;"51";"CRUZPAMBA (CAB. EN CARLOS BUSTAMANTE)";1
5345;108;"55";"POZUL (SAN JUAN DE POZUL)";1
5346;108;"56";"SABANILLA";1
5347;108;"57";"TNTE. MAXIMILIANO RODRIGUEZ LOAIZA ";1
5348;109;"50";"CHAGUARPAMBA";1
5349;109;"51";"BUENAVISTA";1
5350;109;"52";"EL ROSARIO";1
5351;109;"53";"SANTA RUFINA";1
5352;109;"54";"AMARILLOS";1
5353;110;"50";"AMALUZA";1
5354;110;"51";"BELLAVISTA";1
5355;110;"52";"JIMBURA";1
5356;110;"53";"SANTA TERESITA";1
5357;110;"54";"27 DE ABRIL (CAB. EN LA NARANJA) ";1
5358;110;"55";"EL INGENIO";1
5359;110;"56";"EL AIRO";1
5360;111;"50";"GONZANAMA";1
5361;111;"51";"CHANGAIMINA (LA LIBERTAD) ";1
5362;111;"53";"NAMBACOLA";1
5363;111;"54";"PURUNUMA (EGUIGUREN) ";1
5364;111;"56";"SACAPALCA";1
5365;112;"50";"MACARA";1
5366;112;"51";"LARAMA";1
5367;112;"52";"LA VICTORIA";1
5368;112;"53";"SABIANGO (LA CAPILLA)";1
5369;113;"50";"CATACOCHA";1
5370;113;"51";"CANGONAMA";1
5371;113;"52";"GUACHANAMA";1
5372;113;"54";"LAURO GUERRERO";1
5373;113;"56";"ORIANGA";1
5374;113;"57";"SAN ANTONIO";1
5375;113;"58";"CASANGA";1
5376;113;"59";"YAMANA";1
5377;114;"50";"ALAMOR";1
5378;114;"51";"CIANO";1
5379;114;"52";"EL ARENAL";1
5380;114;"53";"EL LIMO (MARIANA DE JESUS)";1
5381;114;"54";"MERCADILLO";1
5382;114;"55";"VICENTINO";1
5383;115;"50";"SARAGURO";1
5384;115;"51";"EL PARAISO DE CELEN";1
5385;115;"52";"EL TABLON  ";1
5386;115;"53";"LLUZHAPA";1
5387;115;"54";"MANU";1
5388;115;"55";"SAN ANTONIO DE QUMBE (CUMBE)";1
5389;115;"56";"SAN PABLO DE TENTA";1
5390;115;"57";"SAN SEBASTIAN DE YULUC";1
5391;115;"58";"SELVA ALEGRE";1
5392;115;"59";"URDANETA (PAQUISHAPA)";1
5393;115;"60";"SUMAYPAMBA";1
5394;116;"50";"SOZORANGA";1
5395;116;"51";"NUEVA FATIMA";1
5396;116;"52";"TACAMOROS";1
5397;117;"50";"ZAPOTILLO";1
5398;117;"51";"CAZADEROS (CAB.EN MANGAURCO) ";1
5399;117;"52";"GARZAREAL";1
5400;117;"53";"LIMONES";1
5401;117;"54";"PALETILLAS";1
5402;117;"55";"BOLASPAMBA";1
5403;118;"50";"PINDAL";1
5404;118;"51";"CHAQUINAL";1
5405;118;"52";"12 DE DICIEMBRE (CAB.EN ACHIOTES)";1
5406;119;"50";"QUILANGA";1
5407;119;"51";"FUNDOCHAMBA";1
5408;119;"52";"SAN ANTONIO DE LAS ARADAS (CAB. EN LAS ARADAS)";1
5409;120;"50";"OLMEDO";1
5410;120;"51";"LA TINGUE";1
5859;74;"50";"GUAYAQUIL";1
5860;74;"52";"JUAN GOMEZ RENDON (PROGRESO) ";1
5861;74;"53";"MORRO";1
5862;74;"56";"POSORJA";1
5863;74;"57";"PUNA";1
5864;74;"58";"TENGUEL";1
5865;75;"50";"ALFREDO BAQUERIZO MORENO (JUJAN)";1
5866;76;"50";"BALAO";1
5867;77;"50";"BALZAR";1
5868;78;"50";"COLIMES";1
5869;78;"51";"SAN JACINTO";1
5870;79;"50";"DAULE";1
5871;79;"52";"JUAN BAUTISTA AGUIRRE (LOS TINTOS) ";1
5872;79;"53";"LAUREL";1
5873;79;"54";"LIMONAL";1
5874;79;"56";"LOS LOJAS (ENRIQUE BAQUERIZO MORENO)";1
5875;80;"50";"ELOY ALFARO (DURAN)";1
5876;81;"50";"VELASCO IBARRA (EL EMPALME)";1
5877;81;"51";"GUAYAS (PUEBLO NUEVO) ";1
5878;81;"52";"EL ROSARIO";1
5879;82;"50";"EL TRIUNFO";1
5880;83;"50";"MILAGRO";1
5881;83;"51";"CHOBO";1
5882;83;"53";"MARISCAL SUCRE (HUAQUES)";1
5883;83;"54";"ROBERTO ASTUDILLO (CAB. EN CRUCE DE VENECIA) ";1
5884;84;"50";"NARANJAL";1
5885;84;"51";"JESUS MARIA";1
5886;84;"52";"SAN CARLOS";1
5887;84;"53";"SANTA ROSA DE FLANDES";1
5888;84;"54";"TAURA";1
5889;85;"50";"NARANJITO";1
5890;86;"50";"PALESTINA";1
5891;87;"50";"PEDRO CARBO";1
5892;87;"51";"VALLE DE LA VIRGEN ";1
5893;87;"52";"SABANILLA";1
5894;88;"50";"SAMBORONDON";1
5895;88;"51";"TARIFA";1
5896;89;"50";"SANTA LUCIA";1
5897;90;"50";"EL SALITRE (LAS RAMAS)";1
5898;90;"51";"GRAL. VERNAZA (DOS ESTEROS) ";1
5899;90;"52";"LA VICTORIA (ÑAUZA)";1
5900;90;"53";"JUNQUILLAL";1
5901;91;"50";"SAN JACINTO DE YAGUACHI";1
5902;91;"53";"GRAL. PEDRO J. MONTERO (BOLICHE) ";1
5903;91;"55";"YAGUACHI VIEJO (CONE)";1
5904;91;"56";"VIRGEN DE FATIMA";1
5905;92;"50";"GENERAL VILLAMIL (PLAYAS)";1
5906;93;"50";"SIMON BOLIVAR";1
5907;93;"51";"CRNEL.LORENZO DE GARAICOA (PEDREGAL)";1
5908;94;"50";"CORONEL MARCELINO MARIDUEÑA (SAN CARLOS)";1
5909;95;"50";"LOMAS DE SARGENTILLO";1
5910;96;"50";"NARCISA DE JESUS";1
5911;97;"50";"GENERAL ANTONIO ELIZALDE (BUCAY)";1
5912;98;"50";"ISIDRO AYORA";1
5913;99;"50";"SAN MIGUEL DE IBARRA";1
5914;99;"51";"AMBUQUI";1
5915;99;"52";"ANGOCHAGUA";1
5916;99;"53";"CAROLINA";1
5917;99;"54";"LA ESPERANZA";1
5918;99;"55";"LITA";1
5919;99;"56";"SALINAS";1
5920;99;"57";"SAN ANTONIO";1
5921;100;"50";"ATUNTAQUI";1
5922;100;"51";"IMBAYA (SAN LUIS DE COBUENDO) ";1
5923;100;"52";"SAN FRANCISCO DE NATABUELA";1
5924;100;"53";"SAN JOSE DE CHALTURA";1
5925;100;"54";"SAN ROQUE";1
5926;101;"50";"COTACACHI";1
5927;101;"51";"APUELA";1
5928;101;"52";"GARCIA MORENO  (LLURIMAGUA) ";1
5929;101;"53";"IMANTAG";1
5930;101;"54";"PEÑAHERRERA";1
5931;101;"55";"PLAZA GUTIERREZ";1
5932;101;"56";"QUIROGA";1
5933;101;"57";"6 DE JULIO DE CUELLAJE (CAB. EN CUELLAJE)";1
5934;101;"58";"VACAS GALINDO (EL CHURO) (CAB.EN SAN MIGUEL ALTO)";1
5935;102;"50";"OTAVALO";1
5936;102;"51";"DR. MIGUEL EGAS CABEZAS (PEGUCHE) ";1
5937;102;"52";"EUGENIO ESPEJO (CALPAQUI) ";1
5938;102;"53";"GONZALEZ SUAREZ";1
5939;102;"54";"PATAQUI";1
5940;102;"55";"SAN JOSE DE QUICHINCHE ";1
5941;102;"56";"SAN JUAN DE ILUMAN";1
5942;102;"57";"SAN PABLO";1
5943;102;"58";"SAN RAFAEL";1
5944;102;"59";"SELVA ALEGRE (CAB.EN SAN MIGUEL DE PAMPLONA)";1
5945;103;"50";"PIMAMPIRO";1
5946;103;"51";"CHUGA";1
5947;103;"52";"MARIANO ACOSTA";1
5948;103;"53";"SAN FRANCISCO DE SIGSIPAMBA";1
5949;104;"50";"URCUQUI";1
5950;104;"51";"CAHUASQUI";1
5951;104;"52";"LA MERCED DE BUENOS AIRES";1
5952;104;"53";"PABLO ARENAS";1
5953;104;"54";"SAN BLAS";1
5954;104;"55";"TUMBABIRO";1
5955;105;"50";"LOJA";1
5956;105;"51";"CHANTACO";1
5957;105;"52";"CHUQUIRIBAMBA";1
5958;105;"53";"EL CISNE";1
5959;105;"54";"GUALEL";1
5960;105;"55";"JIMBILLA";1
5961;105;"56";"MALACATOS (VALLADOLID) ";1
5962;105;"57";"SAN LUCAS";1
5963;105;"58";"SAN PEDRO DE VILCABAMBA";1
5964;105;"59";"SANTIAGO";1
5965;105;"60";"TAQUIL (MIGUEL RIOFRIO)";1
5966;105;"61";"VILCABAMBA  (VICTORIA)";1
5967;105;"62";"YANGANA (ARSENIO CASTILLO)";1
5968;105;"63";"QUINARA";1
5969;106;"50";"CARIAMANGA";1
5970;106;"51";"COLAISACA";1
5971;106;"52";"EL LUCERO";1
5972;106;"53";"UTUANA";1
5973;106;"54";"SANGUILLIN";1
5974;107;"50";"CATAMAYO (LA TOMA)";1
5975;107;"51";"EL TAMBO";1
5976;107;"52";"GUAYQUICHUMA";1
5977;107;"53";"SAN PEDRO DE LA BENDITA";1
5978;107;"54";"ZAMBI";1
5979;108;"50";"CELICA";1
5980;108;"51";"CRUZPAMBA (CAB. EN CARLOS BUSTAMANTE)";1
5981;108;"55";"POZUL (SAN JUAN DE POZUL)";1
5982;108;"56";"SABANILLA";1
5983;108;"57";"TNTE. MAXIMILIANO RODRIGUEZ LOAIZA ";1
5984;109;"50";"CHAGUARPAMBA";1
5985;109;"51";"BUENAVISTA";1
5986;109;"52";"EL ROSARIO";1
5987;109;"53";"SANTA RUFINA";1
5988;109;"54";"AMARILLOS";1
5989;110;"50";"AMALUZA";1
5990;110;"51";"BELLAVISTA";1
5991;110;"52";"JIMBURA";1
5992;110;"53";"SANTA TERESITA";1
5993;110;"54";"27 DE ABRIL (CAB. EN LA NARANJA) ";1
5994;110;"55";"EL INGENIO";1
5995;110;"56";"EL AIRO";1
5996;111;"50";"GONZANAMA";1
5997;111;"51";"CHANGAIMINA (LA LIBERTAD) ";1
5998;111;"53";"NAMBACOLA";1
5999;111;"54";"PURUNUMA (EGUIGUREN) ";1
6000;111;"56";"SACAPALCA";1
6001;112;"50";"MACARA";1
6002;112;"51";"LARAMA";1
6003;112;"52";"LA VICTORIA";1
6004;112;"53";"SABIANGO (LA CAPILLA)";1
6005;113;"50";"CATACOCHA";1
6006;113;"51";"CANGONAMA";1
6007;113;"52";"GUACHANAMA";1
6008;113;"54";"LAURO GUERRERO";1
6009;113;"56";"ORIANGA";1
6010;113;"57";"SAN ANTONIO";1
6011;113;"58";"CASANGA";1
6012;113;"59";"YAMANA";1
6013;114;"50";"ALAMOR";1
6014;114;"51";"CIANO";1
6015;114;"52";"EL ARENAL";1
6016;114;"53";"EL LIMO (MARIANA DE JESUS)";1
6017;114;"54";"MERCADILLO";1
6018;114;"55";"VICENTINO";1
6019;115;"50";"SARAGURO";1
6020;115;"51";"EL PARAISO DE CELEN";1
6021;115;"52";"EL TABLON  ";1
6022;115;"53";"LLUZHAPA";1
6023;115;"54";"MANU";1
6024;115;"55";"SAN ANTONIO DE QUMBE (CUMBE)";1
6025;115;"56";"SAN PABLO DE TENTA";1
6026;115;"57";"SAN SEBASTIAN DE YULUC";1
6027;115;"58";"SELVA ALEGRE";1
6028;115;"59";"URDANETA (PAQUISHAPA)";1
6029;115;"60";"SUMAYPAMBA";1
6030;116;"50";"SOZORANGA";1
6031;116;"51";"NUEVA FATIMA";1
6032;116;"52";"TACAMOROS";1
6033;117;"50";"ZAPOTILLO";1
6034;117;"51";"CAZADEROS (CAB.EN MANGAURCO) ";1
6035;117;"52";"GARZAREAL";1
6036;117;"53";"LIMONES";1
6037;117;"54";"PALETILLAS";1
6038;117;"55";"BOLASPAMBA";1
6039;118;"50";"PINDAL";1
6040;118;"51";"CHAQUINAL";1
6041;118;"52";"12 DE DICIEMBRE (CAB.EN ACHIOTES)";1
6042;119;"50";"QUILANGA";1
6043;119;"51";"FUNDOCHAMBA";1
6044;119;"52";"SAN ANTONIO DE LAS ARADAS (CAB. EN LAS ARADAS)";1
6045;120;"50";"OLMEDO";1
6046;120;"51";"LA TINGUE";1
6047;121;"50";"BABAHOYO";1
6048;121;"52";"CARACOL";1
6049;121;"53";"FEBRES CORDERO (LAS JUNTAS) (CAB. EN MATA DE CACAO)";1
6050;121;"54";"PIMOCHA";1
6051;121;"55";"LA UNION";1
6052;122;"50";"BABA";1
6053;122;"51";"GUARE";1
6054;122;"52";"ISLA DE BEJUCAL";1
6055;123;"50";"MONTALVO";1
6056;124;"50";"PUEBLOVIEJO";1
6057;124;"51";"PUERTO PECHICHE";1
6058;124;"52";"SAN JUAN";1
6059;125;"50";"QUEVEDO";1
6060;125;"53";"SAN CARLOS";1
6061;125;"55";"LA ESPERANZA";1
6062;126;"50";"CATARAMA";1
6063;126;"51";"RICAURTE";1
6064;127;"50";"VENTANAS";1
6065;127;"52";"ZAPOTAL";1
6066;128;"50";"VINCES";1
6067;128;"51";"ANTONIO SOTOMAYOR (CAB. EN PLAYAS DE VINCES) ";1
6068;129;"50";"PALENQUE";1
6069;130;"50";"SAN JACINTO DE BUENA FE";1
6070;130;"51";"PATRICIA PILAR";1
6071;131;"50";"VALENCIA";1
6072;132;"50";"MOCACHE";1
6073;133;"50";"QUINSALOMA";1
6074;134;"50";"PORTOVIEJO";1
6075;134;"51";"ABDON CALDERON (SAN FRANCISCO)";1
6076;134;"52";"ALHAJUELA (BAJO GRANDE) ";1
6077;134;"53";"CRUCITA";1
6078;134;"54";"PUEBLO NUEVO";1
6079;134;"55";"RIOCHICO (RIO CHICO)";1
6080;134;"56";"SAN PLACIDO";1
6081;134;"57";"CHIRIJOS";1
6082;135;"50";"CALCETA";1
6083;135;"51";"MEMBRILLO";1
6084;135;"52";"QUIROGA";1
6085;136;"50";"CHONE";1
6086;136;"51";"BOYACA";1
6087;136;"52";"CANUTO";1
6088;136;"53";"CONVENTO";1
6089;136;"54";"CHIBUNGA";1
6090;136;"55";"ELOY ALFARO";1
6091;136;"56";"RICAURTE";1
6092;136;"57";"SAN ANTONIO";1
6093;137;"50";"EL CARMEN";1
6094;137;"51";"WILFRIDO LOOR MOREIRA (MAICITO)";1
6095;137;"52";"SAN PEDRO DE SUMA";1
6096;138;"50";"FLAVIO ALFARO";1
6097;138;"51";"SAN FRANCISCO DE NOVILLO (CAB. EN  NOVILLO)";1
6098;138;"52";"ZAPALLO";1
6099;139;"50";"JIPIJAPA";1
6100;139;"51";"AMERICA";1
6101;139;"52";"EL ANEGADO (CAB. EN ELOY ALFARO)";1
6102;139;"53";"JULCUY";1
6103;139;"54";"LA UNION";1
6104;139;"56";"MEMBRILLAL";1
6105;139;"57";"PEDRO PABLO GOMEZ";1
6106;139;"58";"PUERTO DE CAYO";1
6107;140;"50";"JUNIN";1
6108;141;"50";"MANTA";1
6109;141;"51";"SAN LORENZO";1
6110;141;"52";"SANTA MARIANITA (BOCA DE PACOCHE)";1
6111;142;"50";"MONTECRISTI";1
6112;142;"52";"LA PILA";1
6113;143;"50";"PAJAN";1
6114;143;"51";"CAMPOZANO (LA PALMA DE PAJAN)";1
6115;143;"52";"CASCOL";1
6116;143;"53";"GUALE";1
6117;143;"54";"LASCANO";1
6118;144;"50";"PICHINCHA";1
6119;144;"51";"BARRAGANETE ";1
6120;144;"52";"SAN SEBASTIAN";1
6121;145;"50";"ROCAFUERTE";1
6122;146;"50";"SANTA ANA DE VUELTA LARGA";1
6123;146;"51";"AYACUCHO";1
6124;146;"52";"HONORATO VASQUEZ (CAB. EN VASQUEZ)";1
6125;146;"53";"LA UNION";1
6126;146;"55";"SAN PABLO (CAB. EN PUEBLO NUEVO)";1
6127;147;"50";"BAHIA DE CARAQUEZ";1
6128;147;"53";"CHARAPOTO";1
6129;147;"57";"SAN ISIDRO";1
6130;148;"50";"TOSAGUA";1
6131;148;"51";"BACHILLERO";1
6132;148;"52";"ANGEL PEDRO GILER (LA ESTANCILLA)";1
6133;149;"50";"SUCRE";1
6134;149;"51";"BELLAVISTA";1
6135;149;"52";"NOBOA";1
6136;149;"53";"ARQ. SIXTO DURAN BALLEN";1
6137;150;"50";"PEDERNALES";1
6138;150;"51";"COJIMIES";1
6139;150;"52";"10 DE AGOSTO";1
6140;150;"53";"ATAHUALPA";1
6141;151;"50";"OLMEDO";1
6142;152;"50";"PUERTO LOPEZ";1
6143;152;"51";"MACHALILLA";1
6144;152;"52";"SALANGO";1
6145;153;"50";"JAMA";1
6146;154;"50";"JARAMIJO";1
6147;155;"50";"SAN VICENTE";1
6148;155;"51";"CANOA";1
6149;156;"50";"MACAS";1
6150;156;"51";"ALSHI (CAB. EN 9 DE OCTUBRE) ";1
6151;156;"53";"GENERAL PROAÑO";1
6152;156;"56";"SAN ISIDRO";1
6153;156;"57";"SEVILLA DON BOSCO";1
6154;156;"58";"SINAI";1
6155;156;"60";"ZUÑA (ZUÑAC)";1
6156;156;"62";"CUCHAENTZA";1
6157;156;"64";"RIO BLANCO";1
6158;157;"50";"GUALAQUIZA";1
6159;157;"51";"AMAZONAS (ROSARIO DE CUYES) ";1
6160;157;"52";"BERMEJOS";1
6161;157;"53";"BOMBOIZA";1
6162;157;"54";"CHIGÜINDA";1
6163;157;"55";"EL ROSARIO";1
6164;157;"56";"NUEVA TARQUI";1
6165;157;"57";"SAN MIGUEL DE CUYES";1
6166;157;"58";"EL IDEAL";1
6167;158;"50";"GENERAL LEONIDAS PLAZA GUTIERREZ (LIMON)";1
6168;158;"51";"INDANZA";1
6169;158;"53";"SAN ANTONIO (CAB. EN SAN ANTONIO CENTRO";1
6170;158;"56";"SAN MIGUEL DE CONCHAY";1
6171;158;"57";"SANTA SUSANA DE CHIVIAZA (CAB. EN CHIVIAZA)";1
6172;158;"58";"YUNGANZA (CAB. EN EL ROSARIO)";1
6173;159;"50";"PALORA (METZERA)";1
6174;159;"51";"ARAPICOS";1
6175;159;"52";"CUMANDA (CAB. EN COLONIA AGRICOLA SEVILLA DEL ORO)";1
6176;159;"54";"SANGAY (CAB. EN NAYAMANACA)";1
6177;159;"55";"16 DE AGOSTO";1
6178;160;"50";"SANTIAGO DE MENDEZ";1
6179;160;"51";"COPAL";1
6180;160;"52";"CHUPIANZA";1
6181;160;"53";"PATUCA";1
6182;160;"54";"SAN LUIS DE EL ACHO (CAB. EN EL ACHO) ";1
6183;160;"56";"TAYUZA";1
6184;160;"57";"SAN FRANCISCO DE CHINIMBIMI";1
6185;161;"50";"SUCUA";1
6186;161;"51";"ASUNCION";1
6187;161;"52";"HUAMBI";1
6188;161;"55";"SANTA MARIANITA DE JESUS";1
6189;162;"50";"HUAMBOYA";1
6190;162;"51";"CHIGUAZA";1
6191;163;"50";"SAN JUAN BOSCO";1
6192;163;"51";"PAN DE AZUCAR";1
6193;163;"52";"SAN CARLOS DE LIMON  ";1
6194;163;"53";"SAN JACINTO DE WAKAMBEIS ";1
6195;163;"54";"SANTIAGO DE PANANZA";1
6196;164;"50";"TAISHA";1
6197;164;"51";"HUASAGA (CAB. EN WAMPUIK) ";1
6198;164;"52";"MACUMA  ";1
6199;164;"53";"TUUTINENTZA ";1
6200;164;"54";"PUMPUENTSA";1
6201;165;"50";"LOGROÑO";1
6202;165;"51";"YAUPI";1
6203;165;"52";"SHIMPIS";1
6204;166;"50";"PABLO SEXTO";1
6205;167;"50";"SANTIAGO";1
6206;167;"51";"SAN JOSE DE MORONA";1
6207;168;"50";"TENA";1
6208;168;"51";"AHUANO";1
6209;168;"53";"CHONTAPUNTA";1
6210;168;"54";"PANO";1
6211;168;"55";"PUERTO MISAHUALLI";1
6212;168;"56";"PUERTO NAPO";1
6213;168;"57";"TALAG";1
6214;169;"50";"ARCHIDONA";1
6215;169;"52";"COTUNDO";1
6216;169;"54";"SAN PABLO DE USHPAYACU";1
6217;170;"50";"EL CHACO";1
6218;170;"51";"GONZALO DIAZ DE PINEDA (EL BOMBON) ";1
6219;170;"52";"LINARES";1
6220;170;"53";"OYACACHI";1
6221;170;"54";"SANTA ROSA";1
6222;170;"55";"SARDINAS";1
6223;171;"50";"BAEZA";1
6224;171;"51";"COSANGA";1
6225;171;"52";"CUYUJA";1
6226;171;"53";"PAPALLACTA";1
6227;171;"54";"SAN FRANCISCO DE BORJA (VIRGILIO DAVILA)";1
6228;171;"56";"SUMACO";1
6229;172;"50";"CARLOS JULIO AROSEMENA TOLA";1
6230;173;"50";"PUYO";1
6231;173;"52";"CANELOS";1
6232;173;"54";"DIEZ  DE AGOSTO";1
6233;173;"55";"FATIMA";1
6234;173;"56";"MONTALVO (ANDOAS) ";1
6235;173;"57";"POMONA";1
6236;173;"58";"RIO CORRIENTES ";1
6237;173;"59";"RIO TIGRE";1
6238;173;"61";"SARAYACU";1
6239;173;"62";"SIMON BOLIVAR  (CAB. EN MUSHULLACTA)";1
6240;173;"63";"TARQUI";1
6241;173;"64";"TENIENTE HUGO ORTIZ";1
6242;173;"65";"VERACRUZ (INDILLAMA) (CAB. EN INDILLAMA)";1
6243;173;"66";"EL TRIUNFO";1
6244;174;"50";"MERA";1
6245;174;"51";"MADRE TIERRA";1
6246;174;"52";"SHELL";1
6247;175;"50";"SANTA CLARA";1
6248;175;"51";"SAN JOSE";1
6249;176;"50";"ARAJUNO";1
6250;176;"51";"CURARAY";1
6251;177;"50";"QUITO DISTRITO METROPOLITANO, CABECERA CANTONAL, CAPITAL PROVINCIAL Y DE LA REPUBLICA DEL ECUADOR";1
6252;177;"51";"ALANGASI";1
6253;177;"52";"AMAGUAÑA";1
6254;177;"53";"ATAHUALPA (HABASPAMBA) ";1
6255;177;"54";"CALACALI";1
6256;177;"55";"CALDERON (CARAPUNGO) ";1
6257;177;"56";"CONOCOTO";1
6258;177;"57";"CUMBAYA";1
6259;177;"58";"CHAVEZPAMBA";1
6260;177;"59";"CHECA (CHILPA) ";1
6261;177;"60";"EL QUINCHE";1
6262;177;"61";"GUALEA";1
6263;177;"62";"GUANGOPOLO";1
6264;177;"63";"GUAYLLABAMBA";1
6265;177;"64";"LA MERCED";1
6266;177;"65";"LLANO CHICO";1
6267;177;"66";"LLOA";1
6268;177;"68";"NANEGAL";1
6269;177;"69";"NANEGALITO";1
6270;177;"70";"NAYON";1
6271;177;"71";"NONO";1
6272;177;"72";"PACTO";1
6273;177;"74";"PERUCHO";1
6274;177;"75";"PIFO";1
6275;177;"76";"PINTAG";1
6276;177;"77";"POMASQUI";1
6277;177;"78";"PUELLARO";1
6278;177;"79";"PUEMBO";1
6279;177;"80";"SAN ANTONIO";1
6280;177;"81";"SAN JOSE DE MINAS";1
6281;177;"83";"TABABELA";1
6282;177;"84";"TUMBACO";1
6283;177;"85";"YARUQUI";1
6284;177;"86";"ZAMBIZA";1
6285;178;"50";"CAYAMBE";1
6286;178;"51";"ASCAZUBI";1
6287;178;"52";"CANGAHUA ";1
6288;178;"53";"OLMEDO (PESILLO)";1
6289;178;"54";"OTON";1
6290;178;"55";"SANTA ROSA DE CUZUBAMBA";1
6291;179;"50";"MACHACHI";1
6292;179;"51";"ALOAG";1
6293;179;"52";"ALOASI";1
6294;179;"53";"CUTUGLAHUA";1
6295;179;"54";"EL CHAUPI";1
6296;179;"55";"MANUEL CORNEJO ASTORGA (TANDAPI)";1
6297;179;"56";"TAMBILLO";1
6298;179;"57";"UYUMBICHO";1
6299;180;"50";"TABACUNDO";1
6300;180;"51";"LA ESPERANZA";1
6301;180;"52";"MALCHINGUI";1
6302;180;"53";"TOCACHI";1
6303;180;"54";"TUPIGACHI";1
6304;181;"50";"SANGOLQUI";1
6305;181;"51";"COTOGCHOA";1
6306;181;"52";"RUMIPAMBA";1
6307;182;"50";"SAN MIGUEL DE LOS BANCOS ";1
6308;182;"51";"MINDO";1
6309;183;"50";"PEDRO VICENTE MALDONADO";1
6310;184;"50";"PUERTO QUITO";1
6311;185;"50";"AMBATO";1
6312;185;"51";"AMBATILLO";1
6313;185;"52";"ATAHUALPA (CHISALATA) ";1
6314;185;"53";"AUGUSTO N. MARTINEZ (MUNDUGLEO)";1
6315;185;"54";"CONSTANTINO FERNANDEZ (CAB. EN CULLITAHUA)";1
6316;185;"55";"HUACHI GRANDE";1
6317;185;"56";"IZAMBA";1
6318;185;"57";"JUAN BENIGNO VELA";1
6319;185;"58";"MONTALVO";1
6320;185;"59";"PASA";1
6321;185;"60";"PICAIGUA";1
6322;185;"61";"PILAGÜIN (PILAHÜIN)";1
6323;185;"62";"QUISAPINCHA (QUIZAPINCHA)";1
6324;185;"63";"SAN BARTOLOME DE PINLLOG";1
6325;185;"64";"SAN FERNANDO (PASA SAN FERNANDO)";1
6326;185;"65";"SANTA ROSA";1
6327;185;"66";"TOTORAS";1
6328;185;"67";"CUNCHIBAMBA";1
6329;185;"68";"UNAMUNCHO";1
6330;186;"50";"BAÑOS DE AGUA SANTA";1
6331;186;"51";"LLIGUA";1
6332;186;"52";"RIO NEGRO";1
6333;186;"53";"RIO VERDE";1
6334;186;"54";"ULBA";1
6335;187;"50";"CEVALLOS";1
6336;188;"50";"MOCHA";1
6337;188;"51";"PINGUILI";1
6338;189;"50";"PATATE";1
6339;189;"51";"EL TRIUNFO";1
6340;189;"52";"LOS ANDES (CAB. EN POATUG) ";1
6341;189;"53";"SUCRE (CAB. EN SUCRE-PATATE URCU)";1
6342;190;"50";"QUERO";1
6343;190;"51";"RUMIPAMBA";1
6344;190;"52";"YANAYACU - MOCHAPATA (CAB. EN YANAYACU) ";1
6345;191;"50";"PELILEO";1
6346;191;"51";"BENITEZ (PACHANLICA) ";1
6347;191;"52";"BOLIVAR";1
6348;191;"53";"COTALO";1
6349;191;"54";"CHIQUICHA (CAB. EN CHIQUICHA GRANDE)";1
6350;191;"55";"EL ROSARIO (RUMICHACA)";1
6351;191;"56";"GARCIA MORENO (CHUMAQUI)";1
6352;191;"57";"GUAMBALO (HUAMBALO)";1
6353;191;"58";"SALASACA";1
6354;192;"50";"PILLARO";1
6355;192;"51";"BAQUERIZO MORENO";1
6356;192;"52";"EMILIO MARIA TERAN (RUMIPAMBA)";1
6357;192;"53";"MARCOS ESPINEL (CHACATA) ";1
6358;192;"54";"PRESIDENTE URBINA (CHAGRAPAMBA -PATZUCUL)";1
6359;192;"55";"SAN ANDRES";1
6360;192;"56";"SAN JOSE DE POALO";1
6361;192;"57";"SAN MIGUELITO";1
6362;193;"50";"TISALEO";1
6363;193;"51";"QUINCHICOTO";1
6364;194;"50";"ZAMORA";1
6365;194;"51";"CUMBARATZA";1
6366;194;"52";"GUADALUPE";1
6367;194;"53";"IMBANA (LA VICTORIA DE IMBANA)";1
6368;194;"55";"SABANILLA";1
6369;194;"56";"TIMBARA";1
6370;194;"58";"SAN CARLOS DE LAS MINAS";1
6371;195;"50";"ZUMBA";1
6372;195;"51";"CHITO";1
6373;195;"52";"EL CHORRO";1
6374;195;"54";"LA CHONTA";1
6375;195;"56";"PUCAPAMBA";1
6376;195;"59";"SAN ANDRES";1
6377;196;"50";"GUAYZIMI";1
6378;196;"51";"ZURMI";1
6379;196;"52";"NUEVO PARAISO";1
6380;197;"50";"28 DE MAYO (SAN JOSE DE YACUAMBI)";1
6381;197;"51";"LA PAZ";1
6382;197;"52";"TUTUPALI";1
6383;198;"50";"YANTZAZA (YANZATZA)";1
6384;198;"51";"CHICAÑA";1
6385;198;"53";"LOS ENCUENTROS";1
6386;199;"50";"EL PANGUI";1
6387;199;"51";"EL GUISME ";1
6388;199;"52";"PACHICUTZA";1
6389;199;"53";"TUNDAYME";1
6390;200;"50";"ZUMBI";1
6391;201;"50";"PALANDA";1
6392;201;"51";"EL PORVENIR DEL CARMEN";1
6393;201;"52";"SAN FRANCISCO DEL VERGEL";1
6394;201;"53";"VALLADOLID";1
6395;201;"54";"LA CANELA";1
6396;202;"50";"PAQUISHA";1
6397;202;"51";"BELLAVISTA";1
6398;202;"52";"NUEVO QUITO";1
6399;203;"50";"PUERTO BAQUERIZO MORENO";1
6400;203;"51";"EL PROGRESO";1
6401;203;"52";"ISLA SANTA MARIA (FLOREANA) (CAB. EN  PTO. VELASCO IBARRA)";1
6402;204;"50";"PUERTO VILLAMIL";1
6403;204;"51";"TOMAS DE BERLANGA (SANTO TOMAS)";1
6404;205;"50";"PUERTO AYORA";1
6405;205;"51";"BELLAVISTA";1
6406;205;"52";"SANTA ROSA (INCLUYE LA ISLA BALTRA)";1
6407;206;"50";"NUEVA LOJA";1
6408;206;"52";"DURENO";1
6409;206;"53";"GENERAL FARFAN";1
6410;206;"55";"EL ENO";1
6411;206;"56";"PACAYACU";1
6412;206;"57";"JAMBELI";1
6413;206;"58";"SANTA CECILIA";1
6414;207;"50";"LUMBAQUI";1
6415;207;"51";"EL REVENTADOR   ";1
6416;207;"52";"GONZALO PIZARRO ";1
6417;207;"54";"PUERTO LIBRE";1
6418;208;"50";"PUERTO EL CARMEN DEL PUTUMAYO";1
6419;208;"51";"PALMA ROJA";1
6420;208;"52";"PUERTO BOLIVAR (PUERTO MONTUFAR)";1
6421;208;"53";"PUERTO RODRIGUEZ";1
6422;208;"54";"SANTA ELENA";1
6423;209;"50";"SHUSHUFINDI";1
6424;209;"51";"LIMONCOCHA";1
6425;209;"52";"PAÑACOCHA";1
6426;209;"53";"SAN ROQUE (CAB. EN SAN VICENTE)";1
6427;209;"54";"SAN PEDRO DE LOS COFANES";1
6428;209;"55";"SIETE DE JULIO";1
6429;210;"50";"LA BONITA";1
6430;210;"51";"EL PLAYON DE SAN FRANCISCO";1
6431;210;"52";"LA SOFIA";1
6432;210;"53";"ROSA FLORIDA";1
6433;210;"54";"SANTA BARBARA";1
6434;211;"50";"EL DORADO DE CASCALES";1
6435;211;"51";"SANTA ROSA DE SUCUMBIOS";1
6436;211;"52";"SEVILLA";1
6437;212;"50";"TARAPOA ";1
6438;212;"51";"CUYABENO";1
6439;212;"52";"AGUAS NEGRAS";1
6440;213;"50";"PUERTO FRANCISCO DE ORELLANA (EL COCA)";1
6441;213;"51";"DAYUMA";1
6442;213;"52";"TARACOA (CAB. EN NUEVA ESPERANZA: YUCA)";1
6443;213;"53";"ALEJANDRO LABAKA";1
6444;213;"54";"EL DORADO";1
6445;213;"55";"EL EDEN";1
6446;213;"56";"GARCIA MORENO";1
6447;213;"57";"INES ARANGO (CAB. EN WESTERN)";1
6448;213;"58";"LA BELLEZA";1
6449;213;"59";"NUEVO PARAISO (CAB. EN UNIÓN CHIMBORAZO)";1
6450;213;"60";"SAN JOSE DE GUAYUSA";1
6451;213;"61";"SAN LUIS DE ARMENIA";1
6452;214;"50";"NUEVO ROCAFUERTE";1
6453;214;"51";"CAPITAN AUGUSTO RIVADENEYRA";1
6454;214;"52";"CONONACO";1
6455;214;"53";"SANTA MARIA DE HUIRIRIMA";1
6456;214;"54";"TIPUTINI";1
6457;214;"55";"YASUNI";1
6458;215;"50";"LA JOYA DE LOS SACHAS";1
6459;215;"51";"ENOKANQUI ";1
6460;215;"52";"POMPEYA";1
6461;215;"53";"SAN CARLOS";1
6462;215;"54";"SAN SEBASTIAN DEL COCA";1
6463;215;"55";"LAGO SAN PEDRO";1
6464;215;"56";"RUMIPAMBA";1
6465;215;"57";"TRES DE NOVIEMBRE";1
6466;215;"58";"UNION MILAGREÑA";1
6467;216;"50";"LORETO";1
6468;216;"51";"AVILA (CAB. EN HUIRUNO) ";1
6469;216;"52";"PUERTO MURIALDO";1
6470;216;"53";"SAN JOSE DE PAYAMINO";1
6471;216;"54";"SAN JOSE DE DAHUANO";1
6472;216;"55";"SAN VICENTE DE HUATICOCHA";1
6473;217;"50";"SANTO DOMINGO DE LOS COLORADOS";1
6474;217;"51";"ALLURIQUIN";1
6475;217;"52";"PUERTO LIMON";1
6476;217;"53";"LUZ DE AMERICA ";1
6477;217;"54";"SAN JACINTO DEL BUA";1
6478;217;"55";"VALLE HERMOSO";1
6479;217;"56";"EL ESFUERZO";1
6480;217;"57";"SANTA MARIA DEL TOACHI";1
6481;219;"50";"SANTA ELENA";1
6482;219;"51";"ATAHUALPA";1
6483;219;"52";"COLONCHE";1
6484;219;"53";"CHANDUY";1
6485;219;"54";"MANGLARALTO";1
6486;219;"55";"SIMON BOLIVAR (JULIO MORENO)";1
6487;219;"56";"SAN JOSE DE ANCON";1
6488;220;"50";"LA LIBERTAD";1
6489;221;"50";"SALINAS";1
6490;221;"51";"ANCONCITO";1
6491;221;"52";"JOSE LUIS TAMAYO (MUEY)";1
